username;passwords;age;is_active;created_at
Kenton_Kirlin;password;35;0;2017-02-16 18:22:11
Andre_Purdy85;password;49;0;2017-04-02 17:11:21
Harley_Lind18;password;57;0;2017-02-21 11:12:33
Arely_Bogan63;password;39;0;2016-08-13 01:28:43
Aniya_Hackett;password;46;0;2016-12-07 01:04:39
Travon.Waters;password;30;0;2017-04-30 13:26:14
Kasandra_Homenick;password;51;0;2016-12-12 06:50:08
Tabitha_Schamberger11;password;35;0;2016-08-20 02:19:46
Presley_McClure;password;25;0;2016-08-07 16:25:49
Justina.Gaylord27;password;36;0;2017-05-04 16:32:16
Dereck65;password;54;0;2017-01-19 01:34:14
Alexandro35;password;29;0;2017-03-29 17:09:02
Jaclyn81;password;24;0;2017-02-06 23:29:16
Billy52;password;23;0;2016-10-05 14:10:20
Annalise.McKenzie16;password;44;0;2016-08-02 21:32:46
Norbert_Carroll35;password;34;0;2017-02-06 22:05:43
Odessa2;password;43;0;2016-10-21 18:16:56
Hailee26;password;26;0;2017-04-29 18:53:40
Delpha.Kihn;password;52;0;2016-08-31 02:42:30
Rocio33;password;47;0;2017-01-23 11:51:15
Kenneth64;password;33;0;2016-12-27 09:48:17
Eveline95;password;23;0;2017-01-23 23:14:19
Maxwell.Halvorson;password;48;0;2017-04-18 02:32:44
Tierra.Trantow;password;31;0;2016-10-03 12:49:21
Josianne.Friesen;password;30;0;2016-06-07 12:47:01
Darwin29;password;47;0;2017-03-18 03:10:07
Dario77;password;34;0;2016-08-18 07:15:03
Jaime53;password;20;0;2016-09-11 18:51:57
Kaley9;password;39;0;2016-09-23 21:24:20
Aiyana_Hoeger;password;24;0;2016-09-29 20:28:12
Irwin.Larson;password;36;0;2016-08-26 19:36:22
Yvette.Gottlieb91;password;22;0;2016-11-14 12:32:01
Pearl7;password;40;0;2016-07-08 21:42:01
Lennie_Hartmann40;password;30;0;2017-03-30 03:25:22
Ollie_Ledner37;password;56;0;2016-08-04 15:42:20
Yazmin_Mills95;password;21;0;2016-07-27 00:56:44
Jordyn.Jacobson2;password;52;0;2016-05-14 07:56:26
Kelsi26;password;22;0;2016-06-08 17:48:08
Rafael.Hickle2;password;52;0;2016-05-19 09:51:26
Mckenna17;password;38;0;2016-07-17 17:25:45
Maya.Farrell;password;19;0;2016-12-11 18:04:45
Janet.Armstrong;password;50;0;2016-10-06 07:57:44
Seth46;password;55;0;2016-07-07 11:40:27
David.Osinski47;password;30;0;2017-02-05 21:23:37
Malinda_Streich;password;52;0;2016-07-09 21:37:08
Harrison.Beatty50;password;60;0;2016-09-02 03:48:38
Granville_Kutch;password;52;0;2016-06-26 03:10:22
Morgan.Kassulke;password;18;0;2016-10-30 12:42:31
Gerard79;password;49;0;2016-08-23 19:47:44
Mariano_Koch3;password;43;0;2017-04-17 14:14:46
Zack_Kemmer93;password;33;0;2017-01-01 05:58:22
Linnea59;password;41;0;2017-02-07 07:49:34
Duane60;password;47;0;2016-12-21 04:43:38
Meggie_Doyle;password;56;0;2017-04-04 12:17:34
Peter.Stehr0;password;56;0;2016-08-22 18:05:42
Julien_Schmidt;password;33;0;2017-02-02 23:12:48
Aurelie71;password;25;0;2016-05-31 06:20:57
Cesar93;password;27;0;2016-10-18 16:42:43
Sam52;password;51;0;2017-03-30 22:03:45
Jayson65;password;54;0;2016-10-14 19:10:53
Ressie_Stanton46;password;39;0;2016-12-20 15:09:09
Elenor88;password;48;0;2016-05-08 01:30:41
Florence99;password;36;0;2016-10-06 23:08:31
Adelle96;password;57;0;2016-10-01 00:37:57
Mike.Auer39;password;21;0;2016-07-01 17:36:15
Emilio_Bernier52;password;46;0;2016-05-06 13:04:30
Franco_Keebler64;password;38;0;2016-11-13 20:09:27
Karley_Bosco;password;47;0;2016-06-24 23:38:52
Erick5;password;47;0;2017-04-05 23:44:47
Nia_Haag;password;46;0;2016-05-14 15:38:50
Kathryn80;password;47;0;2016-10-11 09:01:57
Jaylan.Lakin;password;22;0;2016-06-10 23:58:52
Hulda.Macejkovic;password;46;0;2017-01-25 17:17:28
Leslie67;password;59;0;2016-09-21 05:14:01
Janelle.Nikolaus81;password;18;0;2016-07-21 09:26:09
Donald.Fritsch;password;46;0;2017-01-07 10:05:41
Colten.Harris76;password;48;0;2016-10-10 02:38:53
Katarina.Dibbert;password;52;0;2016-11-03 13:14:11
Darby_Herzog;password;50;0;2016-05-06 00:14:21
Esther.Zulauf61;password;51;0;2017-01-14 17:02:34
Aracely.Johnston98;password;60;0;2016-07-25 18:49:10
Bartholome.Bernhard;password;53;0;2016-11-06 02:31:23
Alysa22;password;38;0;2017-01-01 17:44:43
Milford_Gleichner42;password;58;0;2017-04-30 07:50:51
Delfina_VonRueden68;password;53;0;2017-03-21 12:02:14
Rick29;password;46;0;2017-02-24 11:25:08
Clint27;password;23;0;2016-06-02 21:40:10
Jessyca_West;password;29;0;2016-09-14 23:47:05
Esmeralda.Mraz57;password;23;0;2017-03-03 11:52:27
Bethany20;password;58;0;2016-06-03 23:31:53
Frederik_Rice;password;41;0;2016-07-06 21:56:29
Willie_Leuschke;password;56;0;2017-02-15 01:40:53
Damon35;password;26;0;2016-10-31 14:44:27
Nicole71;password;19;0;2016-05-09 17:30:22
Keenan.Schamberger60;password;19;0;2016-08-28 14:57:28
Tomas.Beatty93;password;29;0;2017-02-11 11:38:55
Imani_Nicolas17;password;48;0;2017-01-31 22:59:34
Alek_Watsica;password;29;0;2016-12-10 07:43:58
Javonte83;password;36;0;2017-03-27 22:06:37